title,date,days,tokens,stem,lemma,pos_tags,named_entities
10 Years of Open Source Machine Learning,7 points by tstonez 19 hours ago  | 1 comment,1,"['10', 'years', 'open', 'source', 'machine', 'learning']",10 Years of Open Source Machine Learn,10 Years of Open Source Machine Learning,"[('10', 'CD'), ('Years', 'NNS'), ('of', 'IN'), ('Open', 'NNP'), ('Source', 'NNP'), ('Machine', 'NNP'), ('Learning', 'NNP')]",['Open Source Machine']
What machines can learn from Apple Watch: detecting undiagnosed heart condition,2 points by koukouhappy 7 hours ago  | discuss,1,"['machines', 'learn', 'apple', 'watch', 'detecting', 'undiagnosed', 'heart', 'condition']",What machines can learn from Apple Watch: detecting undiagnosed heart condit,What machines can learn from Apple Watch: detecting undiagnosed heart condition,"[('What', 'WP'), ('machines', 'NNS'), ('can', 'MD'), ('learn', 'VB'), ('from', 'IN'), ('Apple', 'NNP'), ('Watch', 'NNP'), (':', ':'), ('detecting', 'NN'), ('undiagnosed', 'JJ'), ('heart', 'NN'), ('condition', 'NN')]",['Apple Watch']
The Deep Roots of Javascript Fatigue,3 points by nikkielizdemere 13 hours ago  | discuss,1,"['deep', 'roots', 'javascript', 'fatigue']",The Deep Roots of Javascript Fatigu,The Deep Roots of Javascript Fatigue,"[('The', 'DT'), ('Deep', 'NNP'), ('Roots', 'NNP'), ('of', 'IN'), ('Javascript', 'NNP'), ('Fatigue', 'NNP')]","['Deep Roots', 'Javascript Fatigue']"
Data science intro for math/phys background,9 points by pmigdal 1 day ago  | discuss,1,"['data', 'science', 'intro', 'math', 'phys', 'background']",Data science intro for math/phys background,Data science intro for math/phys background,"[('Data', 'NNP'), ('science', 'NN'), ('intro', 'NN'), ('for', 'IN'), ('math', 'NN'), ('/', 'NNP'), ('phys', 'NN'), ('background', 'NN')]",['Data']
"Data Science Pop-Up in Austin, TX",2 points by AnnaOnTheWeb 13 hours ago  | discuss,1,"['data', 'science', 'pop', 'austin', 'tx']","Data Science Pop-Up in Austin, TX","Data Science Pop-Up in Austin, TX","[('Data', 'NNP'), ('Science', 'NNP'), ('Pop', 'NNP'), ('-', ':'), ('Up', 'NN'), ('in', 'IN'), ('Austin', 'NNP'), (',', ','), ('TX', 'NNP')]","['Data Science Pop', 'Austin']"
Data Science Tools: The Biggest Winners and Losers,8 points by AnnaOnTheWeb 1 day ago  | discuss,1,"['data', 'science', 'tools', 'biggest', 'winners', 'losers']",Data Science Tools: The Biggest Winners and Los,Data Science Tools: The Biggest Winners and Losers,"[('Data', 'NNP'), ('Science', 'NNP'), ('Tools', 'NNP'), (':', ':'), ('The', 'DT'), ('Biggest', 'NNP'), ('Winners', 'NNPS'), ('and', 'CC'), ('Losers', 'NNS')]","['Data Science Tools', 'Biggest Winners']"
Analyzing Golden State Warriors' passing network using GraphFrames in Spark,3 points by yukiegosapporo 21 hours ago  | discuss,1,"['analyzing', 'golden', 'state', 'warriors', 'passing', 'network', 'using', 'graphframes', 'spark']",Analyzing Golden State Warriors' passing network using GraphFrames in Spark,Analyzing Golden State Warriors' passing network using GraphFrames in Spark,"[('Analyzing', 'VBG'), ('Golden', 'NNP'), ('State', 'NNP'), ('Warriors', 'NNP'), (""'"", 'POS'), ('passing', 'NN'), ('network', 'NN'), ('using', 'VBG'), ('GraphFrames', 'NNP'), ('in', 'IN'), ('Spark', 'NNP')]","['Golden State Warriors', 'GraphFrames', 'Spark']"
Making transparent how variations in analytical choices affect results,4 points by rahmaniacc 1 day ago  | discuss,1,"['making', 'transparent', 'variations', 'analytical', 'choices', 'affect', 'results']",Making transparent how variations in analytical choices affect result,Making transparent how variations in analytical choices affect results,"[('Making', 'VBG'), ('transparent', 'JJ'), ('how', 'WRB'), ('variations', 'NNS'), ('in', 'IN'), ('analytical', 'JJ'), ('choices', 'NNS'), ('affect', 'VBP'), ('results', 'NNS')]",[]
Neural Networks demystified,13 points by elyase 2 days ago  | discuss,2,"['neural', 'networks', 'demystified']",Neural Networks demystifi,Neural Networks demystified,"[('Neural', 'JJ'), ('Networks', 'NNP'), ('demystified', 'VBD')]",['Neural Networks']
Has your conversion rate changed? Bayesian timeseries analysis with Python,10 points by yummyfajitas 2 days ago  | discuss,2,"['conversion', 'rate', 'changed', 'bayesian', 'timeseries', 'analysis', 'python']",Has your conversion rate changed? Bayesian timeseries analysis with Python,Has your conversion rate changed? Bayesian timeseries analysis with Python,"[('Has', 'NNP'), ('your', 'PRP$'), ('conversion', 'NN'), ('rate', 'NN'), ('changed', 'VBN'), ('?', '.'), ('Bayesian', 'JJ'), ('timeseries', 'NNS'), ('analysis', 'NN'), ('with', 'IN'), ('Python', 'NNP')]",['Python']
Descriptive Statistics in SQL,4 points by nickhould 1 day ago  | discuss,1,"['descriptive', 'statistics', 'sql']",Descriptive Statistics in SQL,Descriptive Statistics in SQL,"[('Descriptive', 'JJ'), ('Statistics', 'NNS'), ('in', 'IN'), ('SQL', 'NNP')]",['SQL']
"XGBoost4J: Portable Distributed XGboost in Spark, Flink and Dataflow",7 points by crowwork 2 days ago  | discuss,2,"['xgboost4j', 'portable', 'distributed', 'xgboost', 'spark', 'flink', 'dataflow']","XGBoost4J: Portable Distributed XGboost in Spark, Flink and Dataflow","XGBoost4J: Portable Distributed XGboost in Spark, Flink and Dataflow","[('XGBoost4J', 'NN'), (':', ':'), ('Portable', 'JJ'), ('Distributed', 'NNP'), ('XGboost', 'NN'), ('in', 'IN'), ('Spark', 'NNP'), (',', ','), ('Flink', 'NNP'), ('and', 'CC'), ('Dataflow', 'NNP')]","['XGBoost4J', 'Spark', 'Flink', 'Dataflow']"
Introduction to Scikit Flow -  Simplified Interface to TensorFlow,4 points by lefish 1 day ago  | discuss,1,"['introduction', 'scikit', 'flow', 'simplified', 'interface', 'tensorflow']",Introduction to Scikit Flow -  Simplified Interface to TensorFlow,Introduction to Scikit Flow -  Simplified Interface to TensorFlow,"[('Introduction', 'NN'), ('to', 'TO'), ('Scikit', 'NNP'), ('Flow', 'NNP'), ('-', ':'), ('Simplified', 'VBD'), ('Interface', 'NNP'), ('to', 'TO'), ('TensorFlow', 'VB')]",['Scikit Flow']
The Personality Space of Cartoon Characters,3 points by lefish 1 day ago  | discuss,1,"['personality', 'space', 'cartoon', 'characters']",The Personality Space of Cartoon Charact,The Personality Space of Cartoon Characters,"[('The', 'DT'), ('Personality', 'NNP'), ('Space', 'NNP'), ('of', 'IN'), ('Cartoon', 'NNP'), ('Characters', 'NNS')]","['Personality Space', 'Cartoon']"
"Machine Learning: An In-Depth, Non-Technical Guide???Part 4",5 points by innoarchitech 2 days ago  | discuss,2,"['machine', 'learning', 'depth', 'non', 'technical', 'guide', '???', 'part', '4']","Machine Learning: An In-Depth, Non-Technical Guide???Part 4","Machine Learning: An In-Depth, Non-Technical Guide???Part 4","[('Machine', 'NN'), ('Learning', 'NNP'), (':', ':'), ('An', 'DT'), ('In', 'IN'), ('-', ':'), ('Depth', 'NN'), (',', ','), ('Non', 'NNP'), ('-', ':'), ('Technical', 'NNP'), ('Guide', 'NNP'), ('???', 'NNP'), ('Part', 'NNP'), ('4', 'CD')]","['Machine Learning', 'Non', 'Technical Guide']"
How to learn machine learning?,4 points by kiechu 2 days ago  | 1 comment,2,"['learn', 'machine', 'learning']",How to learn machine learning?,How to learn machine learning?,"[('How', 'WRB'), ('to', 'TO'), ('learn', 'VB'), ('machine', 'NN'), ('learning', 'NN'), ('?', '.')]",[]
How do we make Data Tau work?,20 points by hal8 3 days ago  | 10 comments,3,"['make', 'data', 'tau', 'work']",How do we make Data Tau work?,How do we make Data Tau work?,"[('How', 'WRB'), ('do', 'VBP'), ('we', 'PRP'), ('make', 'VB'), ('Data', 'NNP'), ('Tau', 'NNP'), ('work', 'NN'), ('?', '.')]",['Data Tau']
7 Big Data Technologies and When to Use Them that All Data Engineers Should Know,2 points by galvanize 1 day ago  | discuss,1,"['7', 'big', 'data', 'technologies', 'use', 'data', 'engineers', 'know']",7 Big Data Technologies and When to Use Them that All Data Engineers Should Know,7 Big Data Technologies and When to Use Them that All Data Engineers Should Know,"[('7', 'CD'), ('Big', 'NNP'), ('Data', 'NNP'), ('Technologies', 'NNPS'), ('and', 'CC'), ('When', 'WRB'), ('to', 'TO'), ('Use', 'VB'), ('Them', 'NNP'), ('that', 'IN'), ('All', 'NNP'), ('Data', 'NNP'), ('Engineers', 'NNP'), ('Should', 'NNP'), ('Know', 'NNP')]",['All Data Engineers Should Know']
Data Science Slack channel - Click for invite,4 points by jyotsna 2 days ago  | discuss,2,"['data', 'science', 'slack', 'channel', 'click', 'invite']",Data Science Slack channel - Click for invit,Data Science Slack channel - Click for invite,"[('Data', 'NNP'), ('Science', 'NNP'), ('Slack', 'NNP'), ('channel', 'NN'), ('-', ':'), ('Click', 'NN'), ('for', 'IN'), ('invite', 'NN')]","['Data Science Slack', 'Click']"
Minecraft to run artificial intelligence experiments,4 points by bsadeghi 2 days ago  | discuss,2,"['minecraft', 'run', 'artificial', 'intelligence', 'experiments']",Minecraft to run artificial intelligence experi,Minecraft to run artificial intelligence experiments,"[('Minecraft', 'NN'), ('to', 'TO'), ('run', 'VB'), ('artificial', 'JJ'), ('intelligence', 'NN'), ('experiments', 'NNS')]",['Minecraft']
Deep Q-Learning (Space Invaders),4 points by pmigdal 2 days ago  | discuss,2,"['deep', 'q', 'learning', 'space', 'invaders']",Deep Q-Learning (Space Invaders),Deep Q-Learning (Space Invaders),"[('Deep', 'NNP'), ('Q', 'NNP'), ('-', ':'), ('Learning', 'NNP'), ('(', '('), ('Space', 'NNP'), ('Invaders', 'NNP'), (')', ')')]","['Deep', 'Space Invaders']"
Megaman: Manifold Learning with Millions of points,3 points by dperry 2 days ago  | 2 comments,2,"['megaman', 'manifold', 'learning', 'millions', 'points']",Megaman: Manifold Learning with Millions of point,Megaman: Manifold Learning with Millions of points,"[('Megaman', 'NN'), (':', ':'), ('Manifold', 'NNP'), ('Learning', 'VBG'), ('with', 'IN'), ('Millions', 'NNP'), ('of', 'IN'), ('points', 'NNS')]","['Megaman', 'Millions']"
Computing Classification Evaluation Metrics in R,2 points by lefish 1 day ago  | discuss,1,"['computing', 'classification', 'evaluation', 'metrics', 'r']",Computing Classification Evaluation Metrics in R,Computing Classification Evaluation Metrics in R,"[('Computing', 'VBG'), ('Classification', 'NNP'), ('Evaluation', 'NNP'), ('Metrics', 'NNP'), ('in', 'IN'), ('R', 'NNP')]",[]
A Billion Taxi Rides on Amazon EMR Running Presto,3 points by marklit 2 days ago  | discuss,2,"['billion', 'taxi', 'rides', 'amazon', 'emr', 'running', 'presto']",A Billion Taxi Rides on Amazon EMR Running Presto,A Billion Taxi Rides on Amazon EMR Running Presto,"[('A', 'DT'), ('Billion', 'NNP'), ('Taxi', 'NNP'), ('Rides', 'NNP'), ('on', 'IN'), ('Amazon', 'NNP'), ('EMR', 'NNP'), ('Running', 'NNP'), ('Presto', 'NNP')]",['Amazon']
Is Scala a better choice than Python for Apache Spark?,5 points by srinify 3 days ago  | discuss,3,"['scala', 'better', 'choice', 'python', 'apache', 'spark']",Is Scala a better choice than Python for Apache Spark?,Is Scala a better choice than Python for Apache Spark?,"[('Is', 'VBZ'), ('Scala', 'NNP'), ('a', 'DT'), ('better', 'JJR'), ('choice', 'NN'), ('than', 'IN'), ('Python', 'NNP'), ('for', 'IN'), ('Apache', 'NNP'), ('Spark', 'NNP'), ('?', '.')]","['Python', 'Apache Spark']"
Julia: A Fast Language for Numerical Computing,5 points by srinify 3 days ago  | discuss,3,"['julia', 'fast', 'language', 'numerical', 'computing']",Julia: A Fast Language for Numerical Comput,Julia: A Fast Language for Numerical Computing,"[('Julia', 'NNS'), (':', ':'), ('A', 'DT'), ('Fast', 'NNP'), ('Language', 'NNP'), ('for', 'IN'), ('Numerical', 'NNP'), ('Computing', 'NNP')]",['Numerical Computing']
Intellexer - Natural Language Processing and Text Mining REST API,16 points by j_downer 7 days ago  | discuss,7,"['intellexer', 'natural', 'language', 'processing', 'text', 'mining', 'rest', 'api']",Intellexer - Natural Language Processing and Text Mining REST API,Intellexer - Natural Language Processing and Text Mining REST API,"[('Intellexer', 'NNP'), ('-', ':'), ('Natural', 'JJ'), ('Language', 'NNP'), ('Processing', 'NNP'), ('and', 'CC'), ('Text', 'NNP'), ('Mining', 'NNP'), ('REST', 'NNP'), ('API', 'NNP')]","['Intellexer', 'Natural Language', 'Text Mining']"
Shiny app for running a Tensorflow demo,3 points by shinyman 3 days ago  | discuss,3,"['shiny', 'app', 'running', 'tensorflow', 'demo']",Shiny app for running a Tensorflow demo,Shiny app for running a Tensorflow demo,"[('Shiny', 'NNP'), ('app', 'NN'), ('for', 'IN'), ('running', 'VBG'), ('a', 'DT'), ('Tensorflow', 'NNP'), ('demo', 'NN')]","['Shiny', 'Tensorflow']"
"Playing ""Moneyball"" on EA FIFA 16",14 points by aabb13 7 days ago  | 3 comments,7,"['playing', 'moneyball', 'ea', 'fifa', '16']","Playing ""Moneyball"" on EA FIFA 16","Playing ""Moneyball"" on EA FIFA 16","[('Playing', 'VBG'), ('""', 'NNP'), ('Moneyball', 'NNP'), ('""', 'NNP'), ('on', 'IN'), ('EA', 'NNP'), ('FIFA', 'NNP'), ('16', 'CD')]",[]
File details and owners with gitnoc and git-pandas,3 points by wdm0006 3 days ago  | discuss,3,"['file', 'details', 'owners', 'gitnoc', 'git', 'pandas']",File details and owners with gitnoc and git-panda,File details and owners with gitnoc and git-pandas,"[('File', 'NN'), ('details', 'NNS'), ('and', 'CC'), ('owners', 'NNS'), ('with', 'IN'), ('gitnoc', 'NN'), ('and', 'CC'), ('git', 'JJ'), ('-', ':'), ('pandas', 'NN')]",['File']
BallR: Interactive NBA Shot Charts with R and Shiny,12 points by carlosgg 8 days ago  | discuss,8,"['ballr', 'interactive', 'nba', 'shot', 'charts', 'r', 'shiny']",BallR: Interactive NBA Shot Charts with R and Shini,BallR: Interactive NBA Shot Charts with R and Shiny,"[('BallR', 'NN'), (':', ':'), ('Interactive', 'JJ'), ('NBA', 'NNP'), ('Shot', 'NNP'), ('Charts', 'NNP'), ('with', 'IN'), ('R', 'NNP'), ('and', 'CC'), ('Shiny', 'NNP')]","['BallR', 'NBA Shot', 'Shiny']"
Bayesian Estimation of G Train Wait Times,7 points by jamesdreiss 6 days ago  | discuss,6,"['bayesian', 'estimation', 'g', 'train', 'wait', 'times']",Bayesian Estimation of G Train Wait Tim,Bayesian Estimation of G Train Wait Times,"[('Bayesian', 'JJ'), ('Estimation', 'NNP'), ('of', 'IN'), ('G', 'NNP'), ('Train', 'NNP'), ('Wait', 'NNP'), ('Times', 'NNP')]",['Bayesian Estimation']
Announcing Apache Flink 1.0.0,11 points by mxm 8 days ago  | discuss,8,"['announcing', 'apache', 'flink', '1', '0', '0']",Announcing Apache Flink 1.0.0,Announcing Apache Flink 1.0.0,"[('Announcing', 'VBG'), ('Apache', 'NNP'), ('Flink', 'NNP'), ('1', 'CD'), ('.', '.'), ('0', 'CD'), ('.', '.'), ('0', 'CD')]",['Apache']
Train your own image classifier with Inception in TensorFlow,7 points by elyase 7 days ago  | discuss,7,"['train', 'image', 'classifier', 'inception', 'tensorflow']",Train your own image classifier with Inception in TensorFlow,Train your own image classifier with Inception in TensorFlow,"[('Train', 'VB'), ('your', 'PRP$'), ('own', 'JJ'), ('image', 'NN'), ('classifier', 'NN'), ('with', 'IN'), ('Inception', 'NNP'), ('in', 'IN'), ('TensorFlow', 'NNP')]",['TensorFlow']
Neural Doodles: Workflows for the Next Generation of Artists,5 points by pmigdal 6 days ago  | discuss,6,"['neural', 'doodles', 'workflows', 'next', 'generation', 'artists']",Neural Doodles: Workflows for the Next Generation of Artist,Neural Doodles: Workflows for the Next Generation of Artists,"[('Neural', 'JJ'), ('Doodles', 'NNS'), (':', ':'), ('Workflows', 'NNS'), ('for', 'IN'), ('the', 'DT'), ('Next', 'JJ'), ('Generation', 'NNP'), ('of', 'IN'), ('Artists', 'NNS')]",['Next Generation']
Question: What do you want to say about working with data?,2 points by emiller425 2 days ago  | discuss,2,"['question', 'want', 'say', 'working', 'data']",Question: What do you want to say about working with data?,Question: What do you want to say about working with data?,"[('Question', 'NN'), (':', ':'), ('What', 'WP'), ('do', 'VBP'), ('you', 'PRP'), ('want', 'VB'), ('to', 'TO'), ('say', 'VB'), ('about', 'IN'), ('working', 'VBG'), ('with', 'IN'), ('data', 'NNS'), ('?', '.')]",[]
Graph Databases 101,5 points by carlosgg 6 days ago  | discuss,6,"['graph', 'databases', '101']",Graph Databases 101,Graph Databases 101,"[('Graph', 'NNP'), ('Databases', 'VBZ'), ('101', 'CD')]",['Graph']
Statisticians Agree: It???s Time To Stop Misusing P-Value,9 points by jpiburn 9 days ago  | 5 comments,9,"['statisticians', 'agree', '???', 'time', 'stop', 'misusing', 'p', 'value']",Statisticians Agree: It???s Time To Stop Misusing P-Valu,Statisticians Agree: It???s Time To Stop Misusing P-Value,"[('Statisticians', 'NNS'), ('Agree', 'VBP'), (':', ':'), ('It', 'PRP'), ('???', 'VBZ'), ('s', 'JJ'), ('Time', 'NNP'), ('To', 'TO'), ('Stop', 'VB'), ('Misusing', 'NNP'), ('P', 'NNP'), ('-', ':'), ('Value', 'NN')]",[]
XGBoost: A Scalable Tree Boosting System article,5 points by tfturing 6 days ago  | discuss,6,"['xgboost', 'scalable', 'tree', 'boosting', 'system', 'article']",XGBoost: A Scalable Tree Boosting System articl,XGBoost: A Scalable Tree Boosting System article,"[('XGBoost', 'NN'), (':', ':'), ('A', 'DT'), ('Scalable', 'JJ'), ('Tree', 'NNP'), ('Boosting', 'NNP'), ('System', 'NNP'), ('article', 'NN')]",['XGBoost']
Top 50 Data Science thought leaders on Twitter,3 points by datawerq 5 days ago  | 3 comments,5,"['top', '50', 'data', 'science', 'thought', 'leaders', 'twitter']",Top 50 Data Science thought leaders on Twitt,Top 50 Data Science thought leaders on Twitter,"[('Top', 'JJ'), ('50', 'CD'), ('Data', 'NNP'), ('Science', 'NNP'), ('thought', 'VBD'), ('leaders', 'NNS'), ('on', 'IN'), ('Twitter', 'NN')]",[]
International Women's Day: What #PledgeForParity Means To Us,5 points by ddrum001 8 days ago  | discuss,8,"['international', 'women', 'day', '#', 'pledgeforparity', 'means', 'us']",International Women's Day: What #PledgeForParity Means To U,International Women's Day: What #PledgeForParity Means To Us,"[('International', 'NNP'), ('Women', 'NNP'), (""'"", 'POS'), ('s', 'JJ'), ('Day', 'NNP'), (':', ':'), ('What', 'WP'), ('#', '#'), ('PledgeForParity', 'NN'), ('Means', 'NNPS'), ('To', 'TO'), ('Us', 'VB')]","['International Women', 'PledgeForParity Means']"
Unsupervised Learning with Even Less Supervision Using Bayesian Optimization,2 points by idewanck 5 days ago  | discuss,5,"['unsupervised', 'learning', 'even', 'less', 'supervision', 'using', 'bayesian', 'optimization']",Unsupervised Learning with Even Less Supervision Using Bayesian Optim,Unsupervised Learning with Even Less Supervision Using Bayesian Optimization,"[('Unsupervised', 'VBN'), ('Learning', 'VBG'), ('with', 'IN'), ('Even', 'NNP'), ('Less', 'NNP'), ('Supervision', 'NNP'), ('Using', 'NNP'), ('Bayesian', 'NNP'), ('Optimization', 'NNP')]",['Even Less Supervision Using Bayesian']
Announcing R Tools for Visual Studio,3 points by brakmic 7 days ago  | discuss,7,"['announcing', 'r', 'tools', 'visual', 'studio']",Announcing R Tools for Visual Studio,Announcing R Tools for Visual Studio,"[('Announcing', 'VBG'), ('R', 'NNP'), ('Tools', 'NNP'), ('for', 'IN'), ('Visual', 'NNP'), ('Studio', 'NNP')]",['Visual Studio']
Genomic Ranges - an Introduction to Working with Genomic Data,3 points by AnnaOnTheWeb 7 days ago  | discuss,7,"['genomic', 'ranges', 'introduction', 'working', 'genomic', 'data']",Genomic Ranges - an Introduction to Working with Genomic Data,Genomic Ranges - an Introduction to Working with Genomic Data,"[('Genomic', 'NNP'), ('Ranges', 'NNP'), ('-', ':'), ('an', 'DT'), ('Introduction', 'NN'), ('to', 'TO'), ('Working', 'VBG'), ('with', 'IN'), ('Genomic', 'NNP'), ('Data', 'NNP')]","['Genomic Ranges', 'Genomic Data']"
Deriving Better Insights From Time Series Data With Cycle Plots,2 points by clevertap 5 days ago  | discuss,5,"['deriving', 'better', 'insights', 'time', 'series', 'data', 'cycle', 'plots']",Deriving Better Insights From Time Series Data With Cycle Plot,Deriving Better Insights From Time Series Data With Cycle Plots,"[('Deriving', 'VBG'), ('Better', 'NNP'), ('Insights', 'NNPS'), ('From', 'NNP'), ('Time', 'NNP'), ('Series', 'NNP'), ('Data', 'NNP'), ('With', 'IN'), ('Cycle', 'NNP'), ('Plots', 'NNP')]","['Better Insights From Time Series Data', 'Cycle Plots']"
DrivenData Competition: Model/Visualize Fog Patterns in Morocco,4 points by bull 9 days ago  | discuss,9,"['drivendata', 'competition', 'model', 'visualize', 'fog', 'patterns', 'morocco']",DrivenData Competition: Model/Visualize Fog Patterns in Morocco,DrivenData Competition: Model/Visualize Fog Patterns in Morocco,"[('DrivenData', 'NNP'), ('Competition', 'NN'), (':', ':'), ('Model', 'NNP'), ('/', 'NNP'), ('Visualize', 'NNP'), ('Fog', 'NNP'), ('Patterns', 'NNP'), ('in', 'IN'), ('Morocco', 'NNP')]","['DrivenData', 'Morocco']"
Introducing GraphFrames,7 points by falaki 13 days ago  | discuss,13,"['introducing', 'graphframes']",Introducing GraphFram,Introducing GraphFrames,"[('Introducing', 'VBG'), ('GraphFrames', 'NNS')]",[]
Ask DT: Who Is Hiring? (March 2016),27 points by whoishiring 15 days ago  | 15 comments,15,"['ask', 'dt', 'hiring', 'march', '2016']",Ask DT: Who Is Hiring? (March 2016),Ask DT: Who Is Hiring? (March 2016),"[('Ask', 'NNP'), ('DT', 'NNP'), (':', ':'), ('Who', 'WP'), ('Is', 'VBZ'), ('Hiring', 'VBG'), ('?', '.'), ('(', '('), ('March', 'NNP'), ('2016', 'CD'), (')', ')')]",['Ask']
Deep Learning: Nine Lectures at Coll??ge de France by Yan LeCun,5 points by Anon84 11 days ago  | discuss,11,"['deep', 'learning', 'nine', 'lectures', 'coll', '??', 'ge', 'de', 'france', 'yan', 'lecun']",Deep Learning: Nine Lectures at Coll??ge de France by Yan LeCun,Deep Learning: Nine Lectures at Coll??ge de France by Yan LeCun,"[('Deep', 'JJ'), ('Learning', 'NNP'), (':', ':'), ('Nine', 'JJ'), ('Lectures', 'NNS'), ('at', 'IN'), ('Coll', 'NNP'), ('??', 'NNP'), ('ge', 'FW'), ('de', 'FW'), ('France', 'NNP'), ('by', 'IN'), ('Yan', 'NNP'), ('LeCun', 'NNP')]","['Deep', 'Coll', 'Yan']"
TensorFlow for Poets,9 points by ebellm 15 days ago  | 1 comment,15,"['tensorflow', 'poets']",TensorFlow for Poet,TensorFlow for Poets,"[('TensorFlow', 'NNP'), ('for', 'IN'), ('Poets', 'NNS')]",['TensorFlow']
How to work with large JSON datasets using Python and Pandas,9 points by brian_spiering 15 days ago  | discuss,15,"['work', 'large', 'json', 'datasets', 'using', 'python', 'pandas']",How to work with large JSON datasets using Python and Panda,How to work with large JSON datasets using Python and Pandas,"[('How', 'WRB'), ('to', 'TO'), ('work', 'VB'), ('with', 'IN'), ('large', 'JJ'), ('JSON', 'NNP'), ('datasets', 'NNS'), ('using', 'VBG'), ('Python', 'NNP'), ('and', 'CC'), ('Pandas', 'NNP')]","['JSON', 'Python', 'Pandas']"
SQL for Data Analysis,3 points by nickhould 8 days ago  | 6 comments,8,"['sql', 'data', 'analysis']",SQL for Data Analysi,SQL for Data Analysis,"[('SQL', 'NNP'), ('for', 'IN'), ('Data', 'NNP'), ('Analysis', 'NNP')]","['SQL', 'Data Analysis']"
Stream processing and messaging systems for the IoT age,2 points by gradientflow 6 days ago  | discuss,6,"['stream', 'processing', 'messaging', 'systems', 'iot', 'age']",Stream processing and messaging systems for the IoT ag,Stream processing and messaging systems for the IoT age,"[('Stream', 'NN'), ('processing', 'NN'), ('and', 'CC'), ('messaging', 'VBG'), ('systems', 'NNS'), ('for', 'IN'), ('the', 'DT'), ('IoT', 'NNP'), ('age', 'NN')]","['Stream', 'IoT']"
Optimizing Facebook Campaigns with R,2 points by AnnaOnTheWeb 6 days ago  | 1 comment,6,"['optimizing', 'facebook', 'campaigns', 'r']",Optimizing Facebook Campaigns with R,Optimizing Facebook Campaigns with R,"[('Optimizing', 'VBG'), ('Facebook', 'NNP'), ('Campaigns', 'NNP'), ('with', 'IN'), ('R', 'NNP')]",['Facebook Campaigns']
"Trump Tweets on a Globe (aka Fun with d3, socket.io, and the Twitter API)",8 points by joelgrus 15 days ago  | discuss,15,"['trump', 'tweets', 'globe', 'aka', 'fun', 'd3', 'socket', 'io', 'twitter', 'api']","Trump Tweets on a Globe (aka Fun with d3, socket.io, and the Twitter API)","Trump Tweets on a Globe (aka Fun with d3, socket.io, and the Twitter API)","[('Trump', 'NNP'), ('Tweets', 'NNP'), ('on', 'IN'), ('a', 'DT'), ('Globe', 'NNP'), ('(', '('), ('aka', 'JJ'), ('Fun', 'NNP'), ('with', 'IN'), ('d3', 'NN'), (',', ','), ('socket', 'NN'), ('.', '.'), ('io', 'NN'), (',', ','), ('and', 'CC'), ('the', 'DT'), ('Twitter', 'NNP'), ('API', 'NNP'), (')', ')')]","['Trump Tweets', 'Twitter']"
Why pandas users should be excited about Apache Arrow,17 points by pmigdal 23 days ago  | discuss,23,"['pandas', 'users', 'excited', 'apache', 'arrow']",Why pandas users should be excited about Apache Arrow,Why pandas users should be excited about Apache Arrow,"[('Why', 'WRB'), ('pandas', 'JJ'), ('users', 'NNS'), ('should', 'MD'), ('be', 'VB'), ('excited', 'VBN'), ('about', 'IN'), ('Apache', 'NNP'), ('Arrow', 'NNP')]",['Apache Arrow']
Histogram intersection for change detection,8 points by datadive 16 days ago  | discuss,16,"['histogram', 'intersection', 'change', 'detection']",Histogram intersection for change detect,Histogram intersection for change detection,"[('Histogram', 'NNP'), ('intersection', 'NN'), ('for', 'IN'), ('change', 'NN'), ('detection', 'NN')]",['Histogram']
A simpler way to merge data streams,2 points by apoverton 7 days ago  | discuss,7,"['simpler', 'way', 'merge', 'data', 'streams']",A simpler way to merge data stream,A simpler way to merge data streams,"[('A', 'DT'), ('simpler', 'JJ'), ('way', 'NN'), ('to', 'TO'), ('merge', 'VB'), ('data', 'NNS'), ('streams', 'NNS')]",[]
Distributed TensorFlow just open-sourced,10 points by elyase 19 days ago  | discuss,19,"['distributed', 'tensorflow', 'open', 'sourced']",Distributed TensorFlow just open-sourc,Distributed TensorFlow just open-sourced,"[('Distributed', 'VBN'), ('TensorFlow', 'NNP'), ('just', 'RB'), ('open', 'VB'), ('-', ':'), ('sourced', 'VBN')]",['TensorFlow']
D3.js Screencasts (1 in 3 are free),4 points by Veerle 12 days ago  | discuss,12,"['d3', 'js', 'screencasts', '1', '3', 'free']",D3.js Screencasts (1 in 3 are free),D3.js Screencasts (1 in 3 are free),"[('D3', 'NNP'), ('.', '.'), ('js', 'NN'), ('Screencasts', 'NNS'), ('(', '('), ('1', 'CD'), ('in', 'IN'), ('3', 'CD'), ('are', 'VBP'), ('free', 'JJ'), (')', ')')]",[]
Regression and Classification with Examples in R,5 points by soates 14 days ago  | discuss,14,"['regression', 'classification', 'examples', 'r']",Regression and Classification with Examples in R,Regression and Classification with Examples in R,"[('Regression', 'NN'), ('and', 'CC'), ('Classification', 'NN'), ('with', 'IN'), ('Examples', 'NNP'), ('in', 'IN'), ('R', 'NNP')]","['Regression', 'Examples']"
Free online course on statistical shape modelling,8 points by shapemean 19 days ago  | discuss,19,"['free', 'online', 'course', 'statistical', 'shape', 'modelling']",Free online course on statistical shape model,Free online course on statistical shape modelling,"[('Free', 'JJ'), ('online', 'NN'), ('course', 'NN'), ('on', 'IN'), ('statistical', 'JJ'), ('shape', 'NN'), ('modelling', 'NN')]",['Free']
"Don't worry about deep learning, deepen your understanding of causality instead",22 points by yanir 31 days ago  | discuss,31,"['worry', 'deep', 'learning', 'deepen', 'understanding', 'causality', 'instead']","Don't worry about deep learning, deepen your understanding of causality instead","Don't worry about deep learning, deepen your understanding of causality instead","[('Don', 'NNP'), (""'"", 'POS'), ('t', 'NN'), ('worry', 'VBP'), ('about', 'IN'), ('deep', 'JJ'), ('learning', 'NN'), (',', ','), ('deepen', 'VB'), ('your', 'PRP$'), ('understanding', 'NN'), ('of', 'IN'), ('causality', 'NN'), ('instead', 'RB')]",['Don']
Skizze - A high throughput probabilistic data structure service and storage,2 points by seiflotfy 8 days ago  | discuss,8,"['skizze', 'high', 'throughput', 'probabilistic', 'data', 'structure', 'service', 'storage']",Skizze - A high throughput probabilistic data structure service and storag,Skizze - A high throughput probabilistic data structure service and storage,"[('Skizze', 'NNP'), ('-', ':'), ('A', 'DT'), ('high', 'JJ'), ('throughput', 'NN'), ('probabilistic', 'JJ'), ('data', 'NNS'), ('structure', 'NN'), ('service', 'NN'), ('and', 'CC'), ('storage', 'NN')]",['Skizze']
Work with private repositories and other updates of the FlyElephant platform,2 points by m31 9 days ago  | discuss,9,"['work', 'private', 'repositories', 'updates', 'flyelephant', 'platform']",Work with private repositories and other updates of the FlyElephant platform,Work with private repositories and other updates of the FlyElephant platform,"[('Work', 'NN'), ('with', 'IN'), ('private', 'JJ'), ('repositories', 'NNS'), ('and', 'CC'), ('other', 'JJ'), ('updates', 'NNS'), ('of', 'IN'), ('the', 'DT'), ('FlyElephant', 'NNP'), ('platform', 'NN')]","['Work', 'FlyElephant']"
How to import XML to almost anywhere,4 points by Jammink 14 days ago  | discuss,14,"['import', 'xml', 'almost', 'anywhere']",How to import XML to almost anywher,How to import XML to almost anywhere,"[('How', 'WRB'), ('to', 'TO'), ('import', 'VB'), ('XML', 'NN'), ('to', 'TO'), ('almost', 'RB'), ('anywhere', 'VB')]",['XML']
Optimizing Notification Timing for One Signal,8 points by megandias 20 days ago  | discuss,20,"['optimizing', 'notification', 'timing', 'one', 'signal']",Optimizing Notification Timing for One Sign,Optimizing Notification Timing for One Signal,"[('Optimizing', 'VBG'), ('Notification', 'NNP'), ('Timing', 'NNP'), ('for', 'IN'), ('One', 'CD'), ('Signal', 'NNP')]",[]
Survival Analysis of Cricket Player Careers,8 points by keshav92 20 days ago  | 6 comments,20,"['survival', 'analysis', 'cricket', 'player', 'careers']",Survival Analysis of Cricket Player Car,Survival Analysis of Cricket Player Careers,"[('Survival', 'JJ'), ('Analysis', 'NN'), ('of', 'IN'), ('Cricket', 'NNP'), ('Player', 'NNP'), ('Careers', 'NNP')]",['Cricket Player Careers']
Generate image analogies using neural matching and blending,2 points by pmigdal 9 days ago  | discuss,9,"['generate', 'image', 'analogies', 'using', 'neural', 'matching', 'blending']",Generate image analogies using neural matching and blend,Generate image analogies using neural matching and blending,"[('Generate', 'NNP'), ('image', 'NN'), ('analogies', 'NNS'), ('using', 'VBG'), ('neural', 'JJ'), ('matching', 'NN'), ('and', 'CC'), ('blending', 'NN')]",['Generate']
"Analyzing 1.8M tweets from Super Bowl 50 (Twython, Twitter API, AYLIEN)",4 points by mikewally 14 days ago  | discuss,14,"['analyzing', '1', '8m', 'tweets', 'super', 'bowl', '50', 'twython', 'twitter', 'api', 'aylien']","Analyzing 1.8M tweets from Super Bowl 50 (Twython, Twitter API, AYLIEN)","Analyzing 1.8M tweets from Super Bowl 50 (Twython, Twitter API, AYLIEN)","[('Analyzing', 'VBG'), ('1', 'CD'), ('.', '.'), ('8M', 'CD'), ('tweets', 'NNS'), ('from', 'IN'), ('Super', 'NNP'), ('Bowl', 'NNP'), ('50', 'CD'), ('(', '('), ('Twython', 'NNP'), (',', ','), ('Twitter', 'NNP'), ('API', 'NNP'), (',', ','), ('AYLIEN', 'NNP'), (')', ')')]","['Super Bowl', 'Twython', 'Twitter API', 'AYLIEN']"
Newly released sklearn compatible library of categorical encoders,7 points by wdm0006 19 days ago  | discuss,19,"['newly', 'released', 'sklearn', 'compatible', 'library', 'categorical', 'encoders']",Newly released sklearn compatible library of categorical encod,Newly released sklearn compatible library of categorical encoders,"[('Newly', 'RB'), ('released', 'VBN'), ('sklearn', 'NN'), ('compatible', 'JJ'), ('library', 'NN'), ('of', 'IN'), ('categorical', 'JJ'), ('encoders', 'NNS')]",[]
Watch Tiny Neural Nets Learn,4 points by swanint 15 days ago  | discuss,15,"['watch', 'tiny', 'neural', 'nets', 'learn']",Watch Tiny Neural Nets Learn,Watch Tiny Neural Nets Learn,"[('Watch', 'NNP'), ('Tiny', 'NNP'), ('Neural', 'NNP'), ('Nets', 'NNP'), ('Learn', 'NNP')]",['Watch Tiny Neural Nets Learn']
Four pitfalls of hill climbing: An animated look,5 points by csaid81 17 days ago  | discuss,17,"['four', 'pitfalls', 'hill', 'climbing', 'animated', 'look']",Four pitfalls of hill climbing: An animated look,Four pitfalls of hill climbing: An animated look,"[('Four', 'CD'), ('pitfalls', 'NNS'), ('of', 'IN'), ('hill', 'NN'), ('climbing', 'VBG'), (':', ':'), ('An', 'DT'), ('animated', 'JJ'), ('look', 'NN')]",[]
"Decision Forests, Convolutional Networks and the Models in-Between",2 points by ebellm 10 days ago  | discuss,10,"['decision', 'forests', 'convolutional', 'networks', 'models']","Decision Forests, Convolutional Networks and the Models in-Between","Decision Forests, Convolutional Networks and the Models in-Between","[('Decision', 'NN'), ('Forests', 'NNS'), (',', ','), ('Convolutional', 'NNP'), ('Networks', 'NNP'), ('and', 'CC'), ('the', 'DT'), ('Models', 'NNP'), ('in', 'IN'), ('-', ':'), ('Between', 'NN')]","['Convolutional Networks', 'Models']"
How a Math Genius Hacked OkCupid to Find True Love,15 points by roh_codeur 28 days ago  | discuss,28,"['math', 'genius', 'hacked', 'okcupid', 'find', 'true', 'love']",How a Math Genius Hacked OkCupid to Find True Lov,How a Math Genius Hacked OkCupid to Find True Love,"[('How', 'WRB'), ('a', 'DT'), ('Math', 'NNP'), ('Genius', 'NNP'), ('Hacked', 'NNP'), ('OkCupid', 'NNP'), ('to', 'TO'), ('Find', 'VB'), ('True', 'JJ'), ('Love', 'NNP')]",['True Love']
No developers for PyLearn2,3 points by tfturing 13 days ago  | discuss,13,"['developers', 'pylearn2']",No developers for PyLearn2,No developers for PyLearn2,"[('No', 'DT'), ('developers', 'NNS'), ('for', 'IN'), ('PyLearn2', 'NN')]",['PyLearn2']
Density Estimation with Dirichlet Process Mixtures using PyMC3,6 points by MidsizeBlowfish 19 days ago  | discuss,19,"['density', 'estimation', 'dirichlet', 'process', 'mixtures', 'using', 'pymc3']",Density Estimation with Dirichlet Process Mixtures using PyMC3,Density Estimation with Dirichlet Process Mixtures using PyMC3,"[('Density', 'NNP'), ('Estimation', 'NNP'), ('with', 'IN'), ('Dirichlet', 'NNP'), ('Process', 'NNP'), ('Mixtures', 'NNP'), ('using', 'VBG'), ('PyMC3', 'NNP')]","['Density Estimation', 'Dirichlet Process Mixtures', 'PyMC3']"
Using survival analysis and git-pandas to estimate code quality,3 points by wdm0006 14 days ago  | discuss,14,"['using', 'survival', 'analysis', 'git', 'pandas', 'estimate', 'code', 'quality']",Using survival analysis and git-pandas to estimate code qu,Using survival analysis and git-pandas to estimate code quality,"[('Using', 'VBG'), ('survival', 'JJ'), ('analysis', 'NN'), ('and', 'CC'), ('git', 'JJ'), ('-', ':'), ('pandas', 'NN'), ('to', 'TO'), ('estimate', 'VB'), ('code', 'NN'), ('quality', 'NN')]",[]
An Analysis of the Flint Michigan Water Crisis: Part 1 Initial Corrosivity,3 points by JHorn 14 days ago  | discuss,14,"['analysis', 'flint', 'michigan', 'water', 'crisis', 'part', '1', 'initial', 'corrosivity']",An Analysis of the Flint Michigan Water Crisis: Part 1 Initial Corros,An Analysis of the Flint Michigan Water Crisis: Part 1 Initial Corrosivity,"[('An', 'DT'), ('Analysis', 'NN'), ('of', 'IN'), ('the', 'DT'), ('Flint', 'NNP'), ('Michigan', 'NNP'), ('Water', 'NNP'), ('Crisis', 'NNP'), (':', ':'), ('Part', 'NN'), ('1', 'CD'), ('Initial', 'NNP'), ('Corrosivity', 'NNP')]",['Flint Michigan Water']
An Analysis of Republican Twitter Follower Interests,6 points by michelangelo 20 days ago  | discuss,20,"['analysis', 'republican', 'twitter', 'follower', 'interests']",An Analysis of Republican Twitter Follower Interest,An Analysis of Republican Twitter Follower Interests,"[('An', 'DT'), ('Analysis', 'NN'), ('of', 'IN'), ('Republican', 'JJ'), ('Twitter', 'NNP'), ('Follower', 'NNP'), ('Interests', 'NNS')]",['Republican Twitter Follower']
Introduction to ML talk,8 points by cjbayesian 23 days ago  | discuss,23,"['introduction', 'ml', 'talk']",Introduction to ML talk,Introduction to ML talk,"[('Introduction', 'NN'), ('to', 'TO'), ('ML', 'NNP'), ('talk', 'NN')]",[]
GloVe vs word2vec revisited,3 points by pmigdal 14 days ago  | discuss,14,"['glove', 'vs', 'word2vec', 'revisited']",GloVe vs word2vec revisit,GloVe vs word2vec revisited,"[('GloVe', 'NNP'), ('vs', 'NN'), ('word2vec', 'NN'), ('revisited', 'VBD')]",['GloVe']
Undergrad Data Analysis/Science internships SF Bay?,3 points by tctctc 9 days ago  | 5 comments,9,"['undergrad', 'data', 'analysis', 'science', 'internships', 'sf', 'bay']",Undergrad Data Analysis/Science internships SF Bay?,Undergrad Data Analysis/Science internships SF Bay?,"[('Undergrad', 'NNP'), ('Data', 'NNP'), ('Analysis', 'NNP'), ('/', 'NNP'), ('Science', 'NNP'), ('internships', 'NNS'), ('SF', 'NNP'), ('Bay', 'NNP'), ('?', '.')]",['Undergrad Data Analysis']
The Role of Statistical Significance in Growth Hacking,6 points by rawls234 21 days ago  | discuss,21,"['role', 'statistical', 'significance', 'growth', 'hacking']",The Role of Statistical Significance in Growth Hack,The Role of Statistical Significance in Growth Hacking,"[('The', 'DT'), ('Role', 'NNP'), ('of', 'IN'), ('Statistical', 'NNP'), ('Significance', 'NNP'), ('in', 'IN'), ('Growth', 'NNP'), ('Hacking', 'NNP')]","['Statistical Significance', 'Growth Hacking']"
Data Science Course @ Harvard,7 points by rahmaniacc 23 days ago  | 2 comments,23,"['data', 'science', 'course', '@', 'harvard']",Data Science Course @ Harvard,Data Science Course @ Harvard,"[('Data', 'NNP'), ('Science', 'NNP'), ('Course', 'NNP'), ('@', 'NNP'), ('Harvard', 'NNP')]",['Data Science Course']
Principal Component Projection Without Principal Component Analysis,6 points by genofon 21 days ago  | discuss,21,"['principal', 'component', 'projection', 'without', 'principal', 'component', 'analysis']",Principal Component Projection Without Principal Component Analysi,Principal Component Projection Without Principal Component Analysis,"[('Principal', 'JJ'), ('Component', 'NNP'), ('Projection', 'NNP'), ('Without', 'IN'), ('Principal', 'NNP'), ('Component', 'NNP'), ('Analysis', 'NN')]",['Principal']
"Machine Learning: An In-Depth, Non-Technical Guide - Part 3",7 points by innoarchitech 23 days ago  | discuss,23,"['machine', 'learning', 'depth', 'non', 'technical', 'guide', 'part', '3']","Machine Learning: An In-Depth, Non-Technical Guide - Part 3","Machine Learning: An In-Depth, Non-Technical Guide - Part 3","[('Machine', 'NN'), ('Learning', 'NNP'), (':', ':'), ('An', 'DT'), ('In', 'IN'), ('-', ':'), ('Depth', 'NN'), (',', ','), ('Non', 'NNP'), ('-', ':'), ('Technical', 'NNP'), ('Guide', 'NNP'), ('-', ':'), ('Part', 'NN'), ('3', 'CD')]","['Machine Learning', 'Non', 'Technical Guide']"
Stochastic Dummy Boosting,2 points by mikeskim 12 days ago  | discuss,12,"['stochastic', 'dummy', 'boosting']",Stochastic Dummy Boost,Stochastic Dummy Boosting,"[('Stochastic', 'JJ'), ('Dummy', 'NNP'), ('Boosting', 'NNP')]",['Stochastic Dummy']
Interactive Map: Hong-Kong through The Lense of Instagram,2 points by BrianN 13 days ago  | discuss,13,"['interactive', 'map', 'hong', 'kong', 'lense', 'instagram']",Interactive Map: Hong-Kong through The Lense of Instagram,Interactive Map: Hong-Kong through The Lense of Instagram,"[('Interactive', 'JJ'), ('Map', 'NN'), (':', ':'), ('Hong', 'NNP'), ('-', ':'), ('Kong', 'NNP'), ('through', 'IN'), ('The', 'DT'), ('Lense', 'NNP'), ('of', 'IN'), ('Instagram', 'NNP')]","['Hong', 'Kong']"
Data Science at Monsanto,3 points by doctorcroc 16 days ago  | discuss,16,"['data', 'science', 'monsanto']",Data Science at Monsanto,Data Science at Monsanto,"[('Data', 'NNP'), ('Science', 'NNP'), ('at', 'IN'), ('Monsanto', 'NNP')]","['Data Science', 'Monsanto']"
Data Science at Instacart,11 points by jeremystan 28 days ago  | 3 comments,28,"['data', 'science', 'instacart']",Data Science at Instacart,Data Science at Instacart,"[('Data', 'NNP'), ('Science', 'NNP'), ('at', 'IN'), ('Instacart', 'NNP')]","['Data Science', 'Instacart']"
Building a Streaming Search Platform,6 points by ddrum001 22 days ago  | discuss,22,"['building', 'streaming', 'search', 'platform']",Building a Streaming Search Platform,Building a Streaming Search Platform,"[('Building', 'VBG'), ('a', 'DT'), ('Streaming', 'NNP'), ('Search', 'NNP'), ('Platform', 'NNP')]",[]
A Sneak Peak of the Cloud: the 2 Minute Intro for Beginners,2 points by andymaheshw 14 days ago  | discuss,14,"['sneak', 'peak', 'cloud', '2', 'minute', 'intro', 'beginners']",A Sneak Peak of the Cloud: the 2 Minute Intro for Beginn,A Sneak Peak of the Cloud: the 2 Minute Intro for Beginners,"[('A', 'DT'), ('Sneak', 'NNP'), ('Peak', 'NNP'), ('of', 'IN'), ('the', 'DT'), ('Cloud', 'NNP'), (':', ':'), ('the', 'DT'), ('2', 'CD'), ('Minute', 'NNP'), ('Intro', 'NNP'), ('for', 'IN'), ('Beginners', 'NNP')]",['Sneak Peak']
Win-Vector video courses: price/status changes,2 points by jmount 14 days ago  | discuss,14,"['win', 'vector', 'video', 'courses', 'price', 'status', 'changes']",Win-Vector video courses: price/status chang,Win-Vector video courses: price/status changes,"[('Win', 'NNP'), ('-', ':'), ('Vector', 'NNP'), ('video', 'NN'), ('courses', 'NNS'), (':', ':'), ('price', 'NN'), ('/', 'NN'), ('status', 'NN'), ('changes', 'NNS')]","['Win', 'Vector']"
50+ Data Science and Machine Learning Cheat Sheets,20 points by elyase 36 days ago  | 1 comment,36,"['50', '+', 'data', 'science', 'machine', 'learning', 'cheat', 'sheets']",50+ Data Science and Machine Learning Cheat Sheet,50+ Data Science and Machine Learning Cheat Sheets,"[('50', 'CD'), ('+', 'JJ'), ('Data', 'NNP'), ('Science', 'NNP'), ('and', 'CC'), ('Machine', 'NNP'), ('Learning', 'NNP'), ('Cheat', 'NNP'), ('Sheets', 'NNS')]","['Data Science', 'Machine Learning Cheat']"
One More Reason Not To Be Scared of Deep Learning,2 points by amplifier_khan 15 days ago  | discuss,15,"['one', 'reason', 'scared', 'deep', 'learning']",One More Reason Not To Be Scared of Deep Learn,One More Reason Not To Be Scared of Deep Learning,"[('One', 'CD'), ('More', 'JJR'), ('Reason', 'NNP'), ('Not', 'RB'), ('To', 'TO'), ('Be', 'VB'), ('Scared', 'NNP'), ('of', 'IN'), ('Deep', 'NNP'), ('Learning', 'NNP')]","['Reason', 'Deep Learning']"
Visual Logic Authoring vs Code,2 points by AnnaOnTheWeb 15 days ago  | discuss,15,"['visual', 'logic', 'authoring', 'vs', 'code']",Visual Logic Authoring vs Cod,Visual Logic Authoring vs Code,"[('Visual', 'JJ'), ('Logic', 'NNP'), ('Authoring', 'NNP'), ('vs', 'NN'), ('Code', 'NNP')]",['Visual Logic']
Data Science in Python online training with hands-on experience,2 points by Puneet 15 days ago  | discuss,15,"['data', 'science', 'python', 'online', 'training', 'hands', 'experience']",Data Science in Python online training with hands-on experi,Data Science in Python online training with hands-on experience,"[('Data', 'NNP'), ('Science', 'NNP'), ('in', 'IN'), ('Python', 'NNP'), ('online', 'JJ'), ('training', 'NN'), ('with', 'IN'), ('hands', 'NNS'), ('-', ':'), ('on', 'IN'), ('experience', 'NN')]","['Data Science', 'Python']"
Viewing the US Presidential Primary Through the Lens of Twitter,8 points by michelangelo 27 days ago  | discuss,27,"['viewing', 'us', 'presidential', 'primary', 'lens', 'twitter']",Viewing the US Presidential Primary Through the Lens of Twitt,Viewing the US Presidential Primary Through the Lens of Twitter,"[('Viewing', 'VBG'), ('the', 'DT'), ('US', 'NNP'), ('Presidential', 'NNP'), ('Primary', 'NNP'), ('Through', 'IN'), ('the', 'DT'), ('Lens', 'NNP'), ('of', 'IN'), ('Twitter', 'NNP')]",['US']
Caffe on Spark open sourced,4 points by rahmaniacc 21 days ago  | discuss,21,"['caffe', 'spark', 'open', 'sourced']",Caffe on Spark open sourc,Caffe on Spark open sourced,"[('Caffe', 'NNP'), ('on', 'IN'), ('Spark', 'NNP'), ('open', 'JJ'), ('sourced', 'VBD')]","['Caffe', 'Spark']"
The Ethical Data Scientist,5 points by tfturing 23 days ago  | discuss,23,"['ethical', 'data', 'scientist']",The Ethical Data Scientist,The Ethical Data Scientist,"[('The', 'DT'), ('Ethical', 'NNP'), ('Data', 'NNP'), ('Scientist', 'NN')]",['Ethical Data']
Answers to Frequently Asked Questions in Machine Learning,3 points by rasbt 15 days ago  | discuss,15,"['answers', 'frequently', 'asked', 'questions', 'machine', 'learning']",Answers to Frequently Asked Questions in Machine Learn,Answers to Frequently Asked Questions in Machine Learning,"[('Answers', 'NNS'), ('to', 'TO'), ('Frequently', 'NNP'), ('Asked', 'NNP'), ('Questions', 'NNS'), ('in', 'IN'), ('Machine', 'NNP'), ('Learning', 'NNP')]","['Frequently Asked', 'Machine Learning']"
Intro to A/B Testing and P-Values,2 points by randyzwitch 16 days ago  | discuss,16,"['intro', 'b', 'testing', 'p', 'values']",Intro to A/B Testing and P-Valu,Intro to A/B Testing and P-Values,"[('Intro', 'NNP'), ('to', 'TO'), ('A', 'NNP'), ('/', 'NNP'), ('B', 'NNP'), ('Testing', 'NNP'), ('and', 'CC'), ('P', 'NNP'), ('-', ':'), ('Values', 'NNS')]",['Intro']
Visualizing State Level Data With R and Statebins,2 points by usujason 16 days ago  | discuss,16,"['visualizing', 'state', 'level', 'data', 'r', 'statebins']",Visualizing State Level Data With R and Statebin,Visualizing State Level Data With R and Statebins,"[('Visualizing', 'VBG'), ('State', 'NNP'), ('Level', 'NNP'), ('Data', 'NNP'), ('With', 'IN'), ('R', 'NNP'), ('and', 'CC'), ('Statebins', 'NNP')]",[]
"Probabilistic Graphical Models slides & video lectures (Eric Xing, CMU)",4 points by ororm 21 days ago  | discuss,21,"['probabilistic', 'graphical', 'models', 'slides', '&', 'video', 'lectures', 'eric', 'xing', 'cmu']","Probabilistic Graphical Models slides & video lectures (Eric Xing, CMU)","Probabilistic Graphical Models slides & video lectures (Eric Xing, CMU)","[('Probabilistic', 'JJ'), ('Graphical', 'NNP'), ('Models', 'NNP'), ('slides', 'VBZ'), ('&', 'CC'), ('video', 'NN'), ('lectures', 'NNS'), ('(', '('), ('Eric', 'NNP'), ('Xing', 'NNP'), (',', ','), ('CMU', 'NNP'), (')', ')')]","['Eric Xing', 'CMU']"
Sense2vec with spaCy and Gensim,9 points by elyase 30 days ago  | 2 comments,30,"['sense2vec', 'spacy', 'gensim']",Sense2vec with spaCy and Gensim,Sense2vec with spaCy and Gensim,"[('Sense2vec', 'NN'), ('with', 'IN'), ('spaCy', 'NN'), ('and', 'CC'), ('Gensim', 'NNP')]","['Sense2vec', 'spaCy', 'Gensim']"
How to Code and Understand DeepMind's Neural Stack Machine (in Python),2 points by genofon 17 days ago  | discuss,17,"['code', 'understand', 'deepmind', 'neural', 'stack', 'machine', 'python']",How to Code and Understand DeepMind's Neural Stack Machine (in Python),How to Code and Understand DeepMind's Neural Stack Machine (in Python),"[('How', 'WRB'), ('to', 'TO'), ('Code', 'NNP'), ('and', 'CC'), ('Understand', 'NNP'), ('DeepMind', 'NNP'), (""'"", 'POS'), ('s', 'JJ'), ('Neural', 'NNP'), ('Stack', 'NNP'), ('Machine', 'NNP'), ('(', '('), ('in', 'IN'), ('Python', 'NNP'), (')', ')')]","['Code', 'Understand DeepMind', 'Python']"
How to make polished Jupyter presentations with optional code visibility,9 points by csaid81 30 days ago  | discuss,30,"['make', 'polished', 'jupyter', 'presentations', 'optional', 'code', 'visibility']",How to make polished Jupyter presentations with optional code vis,How to make polished Jupyter presentations with optional code visibility,"[('How', 'WRB'), ('to', 'TO'), ('make', 'VB'), ('polished', 'JJ'), ('Jupyter', 'NNP'), ('presentations', 'NNS'), ('with', 'IN'), ('optional', 'JJ'), ('code', 'NN'), ('visibility', 'NN')]",[]
How to become a Bayesian in eight easy steps,17 points by EtzA 38 days ago  | 1 comment,38,"['become', 'bayesian', 'eight', 'easy', 'steps']",How to become a Bayesian in eight easy step,How to become a Bayesian in eight easy steps,"[('How', 'WRB'), ('to', 'TO'), ('become', 'VB'), ('a', 'DT'), ('Bayesian', 'JJ'), ('in', 'IN'), ('eight', 'CD'), ('easy', 'JJ'), ('steps', 'NNS')]",['Bayesian']
Optimizing .*:  Details of Vectorization and Metaprogramming in Julia,4 points by randyzwitch 23 days ago  | discuss,23,"['optimizing', '.*:', 'details', 'vectorization', 'metaprogramming', 'julia']",Optimizing .*:  Details of Vectorization and Metaprogramming in Julia,Optimizing .*:  Details of Vectorization and Metaprogramming in Julia,"[('Optimizing', 'VBG'), ('.*:', 'NNP'), ('Details', 'NNP'), ('of', 'IN'), ('Vectorization', 'NNP'), ('and', 'CC'), ('Metaprogramming', 'NNP'), ('in', 'IN'), ('Julia', 'NNP')]",['Julia']
IBM certified Apache Spark Online Training,8 points by divya_jain 29 days ago  | discuss,29,"['ibm', 'certified', 'apache', 'spark', 'online', 'training']",IBM certified Apache Spark Online Train,IBM certified Apache Spark Online Training,"[('IBM', 'NNP'), ('certified', 'VBD'), ('Apache', 'NNP'), ('Spark', 'NNP'), ('Online', 'NNP'), ('Training', 'NN')]","['IBM', 'Apache Spark Online']"
Geographic Data Science course,2 points by rk 18 days ago  | discuss,18,"['geographic', 'data', 'science', 'course']",Geographic Data Science cours,Geographic Data Science course,"[('Geographic', 'NNP'), ('Data', 'NNP'), ('Science', 'NNP'), ('course', 'NN')]",['Geographic Data Science']
"The Daily Mail Stole My Visualization, Twice",5 points by thehoff 26 days ago  | 1 comment,26,"['daily', 'mail', 'stole', 'visualization', 'twice']","The Daily Mail Stole My Visualization, Twic","The Daily Mail Stole My Visualization, Twice","[('The', 'DT'), ('Daily', 'NNP'), ('Mail', 'NNP'), ('Stole', 'NNP'), ('My', 'NNP'), ('Visualization', 'NNP'), (',', ','), ('Twice', 'NNP')]",['Daily Mail Stole My Visualization']
Ensemble Methods: Improved Machine Learning Results,9 points by PyBloggers 32 days ago  | discuss,32,"['ensemble', 'methods', 'improved', 'machine', 'learning', 'results']",Ensemble Methods: Improved Machine Learning Result,Ensemble Methods: Improved Machine Learning Results,"[('Ensemble', 'JJ'), ('Methods', 'NNS'), (':', ':'), ('Improved', 'VBN'), ('Machine', 'NNP'), ('Learning', 'NNP'), ('Results', 'NNP')]",['Machine Learning Results']
Apache Spark and unsupervised learning in security,2 points by gradientflow 20 days ago  | discuss,20,"['apache', 'spark', 'unsupervised', 'learning', 'security']",Apache Spark and unsupervised learning in secur,Apache Spark and unsupervised learning in security,"[('Apache', 'NNP'), ('Spark', 'NNP'), ('and', 'CC'), ('unsupervised', 'JJ'), ('learning', 'NN'), ('in', 'IN'), ('security', 'NN')]",['Apache Spark']
MachineJS: Automated machine learning- just give it a data file!,2 points by dsernst 20 days ago  | discuss,20,"['machinejs', 'automated', 'machine', 'learning', 'give', 'data', 'file']",MachineJS: Automated machine learning- just give it a data file!,MachineJS: Automated machine learning- just give it a data file!,"[('MachineJS', 'NN'), (':', ':'), ('Automated', 'VBN'), ('machine', 'NN'), ('learning', 'VBG'), ('-', ':'), ('just', 'RB'), ('give', 'VB'), ('it', 'PRP'), ('a', 'DT'), ('data', 'NN'), ('file', 'NN'), ('!', '.')]",['MachineJS']
Kafka Producer Latency with Large Topic Counts,2 points by marklit 20 days ago  | discuss,20,"['kafka', 'producer', 'latency', 'large', 'topic', 'counts']",Kafka Producer Latency with Large Topic Count,Kafka Producer Latency with Large Topic Counts,"[('Kafka', 'NNP'), ('Producer', 'NNP'), ('Latency', 'NNP'), ('with', 'IN'), ('Large', 'NNP'), ('Topic', 'NNP'), ('Counts', 'NNP')]","['Kafka Producer Latency', 'Large Topic Counts']"
The NSA???s SKYNET program may be killing thousands of innocent people,6 points by zlipp 29 days ago  | discuss,29,"['nsa', '???', 'skynet', 'program', 'may', 'killing', 'thousands', 'innocent', 'people']",The NSA???s SKYNET program may be killing thousands of innocent peopl,The NSA???s SKYNET program may be killing thousands of innocent people,"[('The', 'DT'), ('NSA', 'NNP'), ('???', 'NNP'), ('s', 'JJ'), ('SKYNET', 'NNP'), ('program', 'NN'), ('may', 'MD'), ('be', 'VB'), ('killing', 'VBG'), ('thousands', 'NNS'), ('of', 'IN'), ('innocent', 'JJ'), ('people', 'NNS')]",['NSA']
Overoptimizing: a story about kaggle,3 points by wdm0006 24 days ago  | discuss,24,"['overoptimizing', 'story', 'kaggle']",Overoptimizing: a story about kaggl,Overoptimizing: a story about kaggle,"[('Overoptimizing', 'NN'), (':', ':'), ('a', 'DT'), ('story', 'NN'), ('about', 'IN'), ('kaggle', 'NN')]",[]
"Big Dimensions, and What You Can Do About It",2 points by ramsey 21 days ago  | discuss,21,"['big', 'dimensions']","Big Dimensions, and What You Can Do About It","Big Dimensions, and What You Can Do About It","[('Big', 'JJ'), ('Dimensions', 'NNS'), (',', ','), ('and', 'CC'), ('What', 'WP'), ('You', 'PRP'), ('Can', 'MD'), ('Do', 'VB'), ('About', 'IN'), ('It', 'PRP')]",[]
Automate Your Oscars Pool with R,2 points by jamesdreiss 21 days ago  | discuss,21,"['automate', 'oscars', 'pool', 'r']",Automate Your Oscars Pool with R,Automate Your Oscars Pool with R,"[('Automate', 'VB'), ('Your', 'PRP$'), ('Oscars', 'NNP'), ('Pool', 'NNP'), ('with', 'IN'), ('R', 'NNP')]",['Oscars Pool']
Signal Processing with LIGO GW150914 data,9 points by tfturing 33 days ago  | discuss,33,"['signal', 'processing', 'ligo', 'gw150914', 'data']",Signal Processing with LIGO GW150914 data,Signal Processing with LIGO GW150914 data,"[('Signal', 'JJ'), ('Processing', 'VBG'), ('with', 'IN'), ('LIGO', 'NNP'), ('GW150914', 'NNP'), ('data', 'NNS')]",['LIGO']
Overview of DeZyre and Coursera Data Science Course,5 points by ann928 28 days ago  | discuss,28,"['overview', 'dezyre', 'coursera', 'data', 'science', 'course']",Overview of DeZyre and Coursera Data Science Cours,Overview of DeZyre and Coursera Data Science Course,"[('Overview', 'NN'), ('of', 'IN'), ('DeZyre', 'NNP'), ('and', 'CC'), ('Coursera', 'NNP'), ('Data', 'NNP'), ('Science', 'NNP'), ('Course', 'NNP')]","['Overview', 'DeZyre', 'Coursera Data Science Course']"
Upcoming Datathon in NYC,2 points by VicTrey 22 days ago  | discuss,22,"['upcoming', 'datathon', 'nyc']",Upcoming Datathon in NYC,Upcoming Datathon in NYC,"[('Upcoming', 'VBG'), ('Datathon', 'NNP'), ('in', 'IN'), ('NYC', 'NNP')]","['Datathon', 'NYC']"
Summarizing Data in SQL,15 points by elisebreda 40 days ago  | discuss,40,"['summarizing', 'data', 'sql']",Summarizing Data in SQL,Summarizing Data in SQL,"[('Summarizing', 'VBG'), ('Data', 'NNP'), ('in', 'IN'), ('SQL', 'NNP')]",['SQL']
A/B Testing for Scammers,2 points by sameermanek 22 days ago  | discuss,22,"['b', 'testing', 'scammers']",A/B Testing for Scamm,A/B Testing for Scammers,"[('A', 'DT'), ('/', 'NN'), ('B', 'NNP'), ('Testing', 'NNP'), ('for', 'IN'), ('Scammers', 'NNP')]",[]
Highly interpretable classifiers for scikit learn using Bayesian decision rules,2 points by mcnulty 22 days ago  | discuss,22,"['highly', 'interpretable', 'classifiers', 'scikit', 'learn', 'using', 'bayesian', 'decision', 'rules']",Highly interpretable classifiers for scikit learn using Bayesian decision rul,Highly interpretable classifiers for scikit learn using Bayesian decision rules,"[('Highly', 'NNP'), ('interpretable', 'JJ'), ('classifiers', 'NNS'), ('for', 'IN'), ('scikit', 'NN'), ('learn', 'NN'), ('using', 'VBG'), ('Bayesian', 'JJ'), ('decision', 'NN'), ('rules', 'NNS')]","['Highly', 'Bayesian']"
Auto-scaling scikit-learn with Spark,11 points by falaki 37 days ago  | discuss,37,"['auto', 'scaling', 'scikit', 'learn', 'spark']",Auto-scaling scikit-learn with Spark,Auto-scaling scikit-learn with Spark,"[('Auto', 'NNP'), ('-', ':'), ('scaling', 'VBG'), ('scikit', 'JJ'), ('-', ':'), ('learn', 'NN'), ('with', 'IN'), ('Spark', 'NNP')]","['Auto', 'Spark']"
Where the f*** can I park?,2 points by manugarri 23 days ago  | discuss,23,"['f', '***', 'park']",Where the f*** can I park?,Where the f*** can I park?,"[('Where', 'WRB'), ('the', 'DT'), ('f', 'NN'), ('***', 'NN'), ('can', 'MD'), ('I', 'PRP'), ('park', 'VB'), ('?', '.')]",[]
"Machine Learning: An In-Depth, Non-Technical Guide - Part 2",5 points by innoarchitech 30 days ago  | discuss,30,"['machine', 'learning', 'depth', 'non', 'technical', 'guide', 'part', '2']","Machine Learning: An In-Depth, Non-Technical Guide - Part 2","Machine Learning: An In-Depth, Non-Technical Guide - Part 2","[('Machine', 'NN'), ('Learning', 'NNP'), (':', ':'), ('An', 'DT'), ('In', 'IN'), ('-', ':'), ('Depth', 'NN'), (',', ','), ('Non', 'NNP'), ('-', ':'), ('Technical', 'NNP'), ('Guide', 'NNP'), ('-', ':'), ('Part', 'NN'), ('2', 'CD')]","['Machine Learning', 'Non', 'Technical Guide']"
Webhose.io now offers a historical data archive,7 points by databuffer 34 days ago  | discuss,34,"['webhose', 'io', 'offers', 'historical', 'data', 'archive']",Webhose.io now offers a historical data arch,Webhose.io now offers a historical data archive,"[('Webhose', 'NNP'), ('.', '.'), ('io', 'NN'), ('now', 'RB'), ('offers', 'VBZ'), ('a', 'DT'), ('historical', 'JJ'), ('data', 'NN'), ('archive', 'NN')]",['Webhose']
Meetup: Introduction to Machine Learning Algorithms for Data Science.,4 points by ann928 29 days ago  | discuss,29,"['meetup', 'introduction', 'machine', 'learning', 'algorithms', 'data', 'science']",Meetup: Introduction to Machine Learning Algorithms for Data Science.,Meetup: Introduction to Machine Learning Algorithms for Data Science.,"[('Meetup', 'NN'), (':', ':'), ('Introduction', 'NN'), ('to', 'TO'), ('Machine', 'NNP'), ('Learning', 'NNP'), ('Algorithms', 'NNP'), ('for', 'IN'), ('Data', 'NNP'), ('Science', 'NNP'), ('.', '.')]","['Meetup', 'Machine Learning Algorithms', 'Data Science']"
Exploring the Limits of Language Modeling,8 points by soates 36 days ago  | discuss,36,"['exploring', 'limits', 'language', 'modeling']",Exploring the Limits of Language Model,Exploring the Limits of Language Modeling,"[('Exploring', 'VBG'), ('the', 'DT'), ('Limits', 'NNS'), ('of', 'IN'), ('Language', 'NNP'), ('Modeling', 'NNP')]",['Language Modeling']
Text Mining South Park,7 points by pmigdal 35 days ago  | discuss,35,"['text', 'mining', 'south', 'park']",Text Mining South Park,Text Mining South Park,"[('Text', 'NNP'), ('Mining', 'NNP'), ('South', 'NNP'), ('Park', 'NNP')]",['Text Mining South Park']
Finding the K in K-means by Parametric Bootstrap,7 points by jmount 35 days ago  | 1 comment,35,"['finding', 'k', 'k', 'means', 'parametric', 'bootstrap']",Finding the K in K-means by Parametric Bootstrap,Finding the K in K-means by Parametric Bootstrap,"[('Finding', 'VBG'), ('the', 'DT'), ('K', 'NNP'), ('in', 'IN'), ('K', 'NNP'), ('-', ':'), ('means', 'NNS'), ('by', 'IN'), ('Parametric', 'NNP'), ('Bootstrap', 'NNP')]",['Parametric Bootstrap']
A Billion NYC Taxi and Uber Rides in AWS Redshift,2 points by marklit 25 days ago  | discuss,25,"['billion', 'nyc', 'taxi', 'uber', 'rides', 'aws', 'redshift']",A Billion NYC Taxi and Uber Rides in AWS Redshift,A Billion NYC Taxi and Uber Rides in AWS Redshift,"[('A', 'DT'), ('Billion', 'NNP'), ('NYC', 'NNP'), ('Taxi', 'NNP'), ('and', 'CC'), ('Uber', 'NNP'), ('Rides', 'NNP'), ('in', 'IN'), ('AWS', 'NNP'), ('Redshift', 'NNP')]",['AWS Redshift']
Getting Started with Statistics for Data Science,3 points by nickhould 29 days ago  | discuss,29,"['getting', 'started', 'statistics', 'data', 'science']",Getting Started with Statistics for Data Sci,Getting Started with Statistics for Data Science,"[('Getting', 'VBG'), ('Started', 'VBN'), ('with', 'IN'), ('Statistics', 'NNS'), ('for', 'IN'), ('Data', 'NNP'), ('Science', 'NNP')]",['Data Science']
Rodeo 1.3 - Tab-completion for docstrings,3 points by glamp 29 days ago  | discuss,29,"['rodeo', '1', '3', 'tab', 'completion', 'docstrings']",Rodeo 1.3 - Tab-completion for docstr,Rodeo 1.3 - Tab-completion for docstrings,"[('Rodeo', 'NN'), ('1', 'CD'), ('.', '.'), ('3', 'CD'), ('-', ':'), ('Tab', 'NNP'), ('-', ':'), ('completion', 'NN'), ('for', 'IN'), ('docstrings', 'NNS')]",['Tab']
Teaching D3.js - links,3 points by pmigdal 29 days ago  | discuss,29,"['teaching', 'd3', 'js', 'links']",Teaching D3.js - link,Teaching D3.js - links,"[('Teaching', 'VBG'), ('D3', 'NNP'), ('.', '.'), ('js', 'NN'), ('-', ':'), ('links', 'NNS')]",[]
Parallel scikit-learn on YARN,5 points by stijntonk 33 days ago  | discuss,33,"['parallel', 'scikit', 'learn', 'yarn']",Parallel scikit-learn on YARN,Parallel scikit-learn on YARN,"[('Parallel', 'NNP'), ('scikit', 'SYM'), ('-', ':'), ('learn', 'NN'), ('on', 'IN'), ('YARN', 'NN')]","['Parallel', 'YARN']"
Meetup: Free Live Webinar on Prescriptive Analytics for Fun and Profit,2 points by ann928 26 days ago  | discuss,26,"['meetup', 'free', 'live', 'webinar', 'prescriptive', 'analytics', 'fun', 'profit']",Meetup: Free Live Webinar on Prescriptive Analytics for Fun and Profit,Meetup: Free Live Webinar on Prescriptive Analytics for Fun and Profit,"[('Meetup', 'NN'), (':', ':'), ('Free', 'JJ'), ('Live', 'NNP'), ('Webinar', 'NNP'), ('on', 'IN'), ('Prescriptive', 'NNP'), ('Analytics', 'NNP'), ('for', 'IN'), ('Fun', 'NNP'), ('and', 'CC'), ('Profit', 'NN')]","['Meetup', 'Fun']"
Access to VK.com (Vkontakte) API via R,2 points by dementiy 27 days ago  | discuss,27,"['access', 'vk', 'com', 'vkontakte', 'api', 'via', 'r']",Access to VK.com (Vkontakte) API via R,Access to VK.com (Vkontakte) API via R,"[('Access', 'NN'), ('to', 'TO'), ('VK', 'NNP'), ('.', '.'), ('com', 'NN'), ('(', '('), ('Vkontakte', 'NNP'), (')', ')'), ('API', 'NNP'), ('via', 'IN'), ('R', 'NNP')]",['Access']
 	Deep Learning Tutorial by Y. LeCun and Y. Bengio,15 points by Anon84 45 days ago  | 1 comment,45,"['deep', 'learning', 'tutorial', 'lecun', 'bengio']", 	Deep Learning Tutorial by Y. LeCun and Y. Bengio, 	Deep Learning Tutorial by Y. LeCun and Y. Bengio,"[('Deep', 'NNP'), ('Learning', 'NNP'), ('Tutorial', 'NNP'), ('by', 'IN'), ('Y', 'NNP'), ('.', '.'), ('LeCun', 'NNP'), ('and', 'CC'), ('Y', 'NNP'), ('.', '.'), ('Bengio', 'NNP')]","['Deep Learning Tutorial', 'LeCun']"
Machine Learning Meets Economics,20 points by nicolaskruchten 49 days ago  | discuss,49,"['machine', 'learning', 'meets', 'economics']",Machine Learning Meets Econom,Machine Learning Meets Economics,"[('Machine', 'NN'), ('Learning', 'NNP'), ('Meets', 'NNP'), ('Economics', 'NNP')]",['Machine Learning Meets Economics']
Culll for data science. culled from the best!,5 points by culllman 34 days ago  | 1 comment,34,"['culll', 'data', 'science', 'culled', 'best']",Culll for data science. culled from the best!,Culll for data science. culled from the best!,"[('Culll', 'NNP'), ('for', 'IN'), ('data', 'NNS'), ('science', 'NN'), ('.', '.'), ('culled', 'VBN'), ('from', 'IN'), ('the', 'DT'), ('best', 'JJS'), ('!', '.')]",['Culll']
Topic Modelling: Parliamentary Debate Records ,6 points by jovianho 36 days ago  | discuss,36,"['topic', 'modelling', 'parliamentary', 'debate', 'records']",Topic Modelling: Parliamentary Debate Records ,Topic Modelling: Parliamentary Debate Records ,"[('Topic', 'NN'), ('Modelling', 'VBG'), (':', ':'), ('Parliamentary', 'JJ'), ('Debate', 'NN'), ('Records', 'NNS')]",[]
Ask DT: Who Is Hiring? (February 2016),24 points by racketracer 44 days ago  | 19 comments,44,"['ask', 'dt', 'hiring', 'february', '2016']",Ask DT: Who Is Hiring? (February 2016),Ask DT: Who Is Hiring? (February 2016),"[('Ask', 'NNP'), ('DT', 'NNP'), (':', ':'), ('Who', 'WP'), ('Is', 'VBZ'), ('Hiring', 'VBG'), ('?', '.'), ('(', '('), ('February', 'NNP'), ('2016', 'CD'), (')', ')')]",['Ask']
A Day in the Life of a Data Scientist (Rutgers Online),2 points by jaytaylor 28 days ago  | 1 comment,28,"['day', 'life', 'data', 'scientist', 'rutgers', 'online']",A Day in the Life of a Data Scientist (Rutgers Online),A Day in the Life of a Data Scientist (Rutgers Online),"[('A', 'DT'), ('Day', 'NNP'), ('in', 'IN'), ('the', 'DT'), ('Life', 'NNP'), ('of', 'IN'), ('a', 'DT'), ('Data', 'NNP'), ('Scientist', 'NNP'), ('(', '('), ('Rutgers', 'NNP'), ('Online', 'NNP'), (')', ')')]","['Data Scientist', 'Rutgers Online']"
GPU Computing for Data Science,11 points by AnnaOnTheWeb 43 days ago  | discuss,43,"['gpu', 'computing', 'data', 'science']",GPU Computing for Data Sci,GPU Computing for Data Science,"[('GPU', 'NNP'), ('Computing', 'NNP'), ('for', 'IN'), ('Data', 'NNP'), ('Science', 'NNP')]","['GPU Computing', 'Data Science']"
Big Data Landscape: Database of 675+ Big Data Players,4 points by dfkoz 34 days ago  | discuss,34,"['big', 'data', 'landscape', 'database', '675', '+', 'big', 'data', 'players']",Big Data Landscape: Database of 675+ Big Data Play,Big Data Landscape: Database of 675+ Big Data Players,"[('Big', 'NNP'), ('Data', 'NNP'), ('Landscape', 'NN'), (':', ':'), ('Database', 'NN'), ('of', 'IN'), ('675', 'CD'), ('+', 'JJ'), ('Big', 'NNP'), ('Data', 'NNP'), ('Players', 'NNS')]",['Big Data']
Deep Learning Udacity Course,20 points by tfturing 55 days ago  | 1 comment,55,"['deep', 'learning', 'udacity', 'course']",Deep Learning Udacity Cours,Deep Learning Udacity Course,"[('Deep', 'NNP'), ('Learning', 'NNP'), ('Udacity', 'NNP'), ('Course', 'NNP')]",['Deep Learning Udacity Course']
What has Kaggle learned from 2 million machine learning models?,4 points by tfturing 36 days ago  | discuss,36,"['kaggle', 'learned', '2', 'million', 'machine', 'learning', 'models']",What has Kaggle learned from 2 million machine learning models?,What has Kaggle learned from 2 million machine learning models?,"[('What', 'WP'), ('has', 'VBZ'), ('Kaggle', 'VBN'), ('learned', 'VBN'), ('from', 'IN'), ('2', 'CD'), ('million', 'CD'), ('machine', 'NN'), ('learning', 'NN'), ('models', 'NNS'), ('?', '.')]",[]
Making Causal Impact Analysis Easy,29 points by jxnlco 62 days ago  | discuss,62,"['making', 'causal', 'impact', 'analysis', 'easy']",Making Causal Impact Analysis Easi,Making Causal Impact Analysis Easy,"[('Making', 'VBG'), ('Causal', 'NNP'), ('Impact', 'NNP'), ('Analysis', 'NNP'), ('Easy', 'NNP')]",['Causal Impact Analysis Easy']
A recommendation system for blogs: Content-based similarity (part 2),2 points by tommels 30 days ago  | discuss,30,"['recommendation', 'system', 'blogs', 'content', 'based', 'similarity', 'part', '2']",A recommendation system for blogs: Content-based similarity (part 2),A recommendation system for blogs: Content-based similarity (part 2),"[('A', 'DT'), ('recommendation', 'NN'), ('system', 'NN'), ('for', 'IN'), ('blogs', 'NNS'), (':', ':'), ('Content', 'NNP'), ('-', ':'), ('based', 'VBN'), ('similarity', 'NN'), ('(', '('), ('part', 'NN'), ('2', 'CD'), (')', ')')]",[]
Turing Art Test,4 points by soates 36 days ago  | discuss,36,"['turing', 'art', 'test']",Turing Art Test,Turing Art Test,"[('Turing', 'VBG'), ('Art', 'NNP'), ('Test', 'NNP')]",['Art Test']
The happiness paradox: your friends are happier than you,4 points by Anon84 36 days ago  | discuss,36,"['happiness', 'paradox', 'friends', 'happier']",The happiness paradox: your friends are happier than y,The happiness paradox: your friends are happier than you,"[('The', 'DT'), ('happiness', 'NN'), ('paradox', 'NN'), (':', ':'), ('your', 'PRP$'), ('friends', 'NNS'), ('are', 'VBP'), ('happier', 'JJR'), ('than', 'IN'), ('you', 'PRP')]",[]
Deep Learning with Spark and Tensorflow,12 points by elyase 51 days ago  | discuss,51,"['deep', 'learning', 'spark', 'tensorflow']",Deep Learning with Spark and Tensorflow,Deep Learning with Spark and Tensorflow,"[('Deep', 'JJ'), ('Learning', 'NNP'), ('with', 'IN'), ('Spark', 'NNP'), ('and', 'CC'), ('Tensorflow', 'NNP')]","['Deep Learning', 'Spark', 'Tensorflow']"
Down and out in statistical computing,7 points by randyzwitch 44 days ago  | 1 comment,44,"['statistical', 'computing']",Down and out in statistical comput,Down and out in statistical computing,"[('Down', 'NNP'), ('and', 'CC'), ('out', 'IN'), ('in', 'IN'), ('statistical', 'JJ'), ('computing', 'NN')]",['Down']
AlphaGo: using machine learning to master the ancient game of Go,10 points by Anon84 49 days ago  | discuss,49,"['alphago', 'using', 'machine', 'learning', 'master', 'ancient', 'game', 'go']",AlphaGo: using machine learning to master the ancient game of Go,AlphaGo: using machine learning to master the ancient game of Go,"[('AlphaGo', 'NN'), (':', ':'), ('using', 'VBG'), ('machine', 'NN'), ('learning', 'VBG'), ('to', 'TO'), ('master', 'VB'), ('the', 'DT'), ('ancient', 'JJ'), ('game', 'NN'), ('of', 'IN'), ('Go', 'NNP')]",['AlphaGo']
Census Analyzer: preview of technology for web based tool for data analysis,9 points by solomatov 48 days ago  | 1 comment,48,"['census', 'analyzer', 'preview', 'technology', 'web', 'based', 'tool', 'data', 'analysis']",Census Analyzer: preview of technology for web based tool for data analysi,Census Analyzer: preview of technology for web based tool for data analysis,"[('Census', 'NNP'), ('Analyzer', 'NNP'), (':', ':'), ('preview', 'NN'), ('of', 'IN'), ('technology', 'NN'), ('for', 'IN'), ('web', 'NN'), ('based', 'VBN'), ('tool', 'NN'), ('for', 'IN'), ('data', 'NNS'), ('analysis', 'NN')]",['Census Analyzer']
Introduction to Java Web Scraping,3 points by ksahin 37 days ago  | discuss,37,"['introduction', 'java', 'web', 'scraping']",Introduction to Java Web Scrap,Introduction to Java Web Scraping,"[('Introduction', 'NN'), ('to', 'TO'), ('Java', 'NNP'), ('Web', 'NNP'), ('Scraping', 'VBG')]",['Java']
Market Basket Analysis Using R,3 points by randyzwitch 37 days ago  | discuss,37,"['market', 'basket', 'analysis', 'using', 'r']",Market Basket Analysis Using R,Market Basket Analysis Using R,"[('Market', 'NN'), ('Basket', 'NNP'), ('Analysis', 'NNP'), ('Using', 'NNP'), ('R', 'NNP')]",['Market Basket Analysis Using']
"Marvin Minsky, Pioneer in Artificial Intelligence, Dies at 88",10 points by vonnik 51 days ago  | discuss,51,"['marvin', 'minsky', 'pioneer', 'artificial', 'intelligence', 'dies', '88']","Marvin Minsky, Pioneer in Artificial Intelligence, Dies at 88","Marvin Minsky, Pioneer in Artificial Intelligence, Dies at 88","[('Marvin', 'NNP'), ('Minsky', 'NNP'), (',', ','), ('Pioneer', 'NNP'), ('in', 'IN'), ('Artificial', 'NNP'), ('Intelligence', 'NNP'), (',', ','), ('Dies', 'VBZ'), ('at', 'IN'), ('88', 'CD')]","['Marvin Minsky', 'Pioneer', 'Artificial Intelligence']"
Open Source Deep Learning Server,6 points by soates 44 days ago  | discuss,44,"['open', 'source', 'deep', 'learning', 'server']",Open Source Deep Learning Serv,Open Source Deep Learning Server,"[('Open', 'NNP'), ('Source', 'NNP'), ('Deep', 'NNP'), ('Learning', 'NNP'), ('Server', 'NNP')]",['Open Source Deep']
Spark-TS: A New Library for Analyzing Time-Series Data with Apache Spark,5 points by tfturing 42 days ago  | 1 comment,42,"['spark', 'ts', 'new', 'library', 'analyzing', 'time', 'series', 'data', 'apache', 'spark']",Spark-TS: A New Library for Analyzing Time-Series Data with Apache Spark,Spark-TS: A New Library for Analyzing Time-Series Data with Apache Spark,"[('Spark', 'NNP'), ('-', ':'), ('TS', 'NN'), (':', ':'), ('A', 'DT'), ('New', 'NNP'), ('Library', 'NNP'), ('for', 'IN'), ('Analyzing', 'NNP'), ('Time', 'NNP'), ('-', ':'), ('Series', 'NNP'), ('Data', 'NNP'), ('with', 'IN'), ('Apache', 'NNP'), ('Spark', 'NNP')]","['Spark', 'New Library', 'Series Data', 'Apache Spark']"
An exploration of convnet filters with Keras,6 points by soates 44 days ago  | discuss,44,"['exploration', 'convnet', 'filters', 'keras']",An exploration of convnet filters with Kera,An exploration of convnet filters with Keras,"[('An', 'DT'), ('exploration', 'NN'), ('of', 'IN'), ('convnet', 'NN'), ('filters', 'NNS'), ('with', 'IN'), ('Keras', 'NNP')]",['Keras']
Applied Spatial Data Science with R,9 points by AnnaOnTheWeb 50 days ago  | discuss,50,"['applied', 'spatial', 'data', 'science', 'r']",Applied Spatial Data Science with R,Applied Spatial Data Science with R,"[('Applied', 'NNP'), ('Spatial', 'NNP'), ('Data', 'NNP'), ('Science', 'NNP'), ('with', 'IN'), ('R', 'NNP')]",['Applied Spatial Data Science']
Secrets of Building a Data-Driven Organization,7 points by vvan0016 49 days ago  | 1 comment,49,"['secrets', 'building', 'data', 'driven', 'organization']",Secrets of Building a Data-Driven Organ,Secrets of Building a Data-Driven Organization,"[('Secrets', 'NNS'), ('of', 'IN'), ('Building', 'VBG'), ('a', 'DT'), ('Data', 'NNP'), ('-', ':'), ('Driven', 'NNP'), ('Organization', 'NNP')]","['Data', 'Driven Organization']"
Philly Tweets,2 points by ctufts 36 days ago  | 1 comment,36,"['philly', 'tweets']",Philly Tweet,Philly Tweets,"[('Philly', 'RB'), ('Tweets', 'NNS')]",[]
Neglected data science optimization topic: set diversity,2 points by jmount 37 days ago  | discuss,37,"['neglected', 'data', 'science', 'optimization', 'topic', 'set', 'diversity']",Neglected data science optimization topic: set divers,Neglected data science optimization topic: set diversity,"[('Neglected', 'VBN'), ('data', 'NNS'), ('science', 'NN'), ('optimization', 'NN'), ('topic', 'NN'), (':', ':'), ('set', 'VBN'), ('diversity', 'NN')]",[]
"Machine Learning: An In-Depth, Non-Technical Guide - Part 2",2 points by innoarchitech 37 days ago  | discuss,37,"['machine', 'learning', 'depth', 'non', 'technical', 'guide', 'part', '2']","Machine Learning: An In-Depth, Non-Technical Guide - Part 2","Machine Learning: An In-Depth, Non-Technical Guide - Part 2","[('Machine', 'NN'), ('Learning', 'NNP'), (':', ':'), ('An', 'DT'), ('In', 'IN'), ('-', ':'), ('Depth', 'NN'), (',', ','), ('Non', 'NNP'), ('-', ':'), ('Technical', 'NNP'), ('Guide', 'NNP'), ('-', ':'), ('Part', 'NN'), ('2', 'CD')]","['Machine Learning', 'Non', 'Technical Guide']"
Statistical Dependency Parsing using SVM in Python by @rj_here,2 points by rjbullet 37 days ago  | 3 comments,37,"['statistical', 'dependency', 'parsing', 'using', 'svm', 'python', '@', 'rj_here']",Statistical Dependency Parsing using SVM in Python by @rj_her,Statistical Dependency Parsing using SVM in Python by @rj_here,"[('Statistical', 'JJ'), ('Dependency', 'NNP'), ('Parsing', 'NNP'), ('using', 'VBG'), ('SVM', 'NNP'), ('in', 'IN'), ('Python', 'NNP'), ('by', 'IN'), ('@', 'NNP'), ('rj_here', 'NN')]","['SVM', 'Python']"
5 Reasons Kaggle Projects Won't Help Your Data Science Resume,9 points by Veerle 52 days ago  | 1 comment,52,"['5', 'reasons', 'kaggle', 'projects', 'help', 'data', 'science', 'resume']",5 Reasons Kaggle Projects Won't Help Your Data Science Resum,5 Reasons Kaggle Projects Won't Help Your Data Science Resume,"[('5', 'CD'), ('Reasons', 'NNPS'), ('Kaggle', 'NNP'), ('Projects', 'NNPS'), ('Won', 'NNP'), (""'"", 'POS'), ('t', 'NN'), ('Help', 'NNP'), ('Your', 'NNP'), ('Data', 'NNP'), ('Science', 'NNP'), ('Resume', 'NNP')]","['Kaggle Projects Won', 'Help Your Data Science Resume']"
Deep Learning Glossary,9 points by dbritz 52 days ago  | discuss,52,"['deep', 'learning', 'glossary']",Deep Learning Glossari,Deep Learning Glossary,"[('Deep', 'NNP'), ('Learning', 'NNP'), ('Glossary', 'NNP')]",['Deep Learning']
Teaching a Semester of D3.js,16 points by pmigdal 60 days ago  | discuss,60,"['teaching', 'semester', 'd3', 'js']",Teaching a Semester of D3.j,Teaching a Semester of D3.js,"[('Teaching', 'VBG'), ('a', 'DT'), ('Semester', 'NN'), ('of', 'IN'), ('D3', 'NNP'), ('.', '.'), ('js', 'NN')]",[]
Finding Nearest Neighbors in SQL,7 points by jonathanbishop 50 days ago  | 2 comments,50,"['finding', 'nearest', 'neighbors', 'sql']",Finding Nearest Neighbors in SQL,Finding Nearest Neighbors in SQL,"[('Finding', 'VBG'), ('Nearest', 'JJS'), ('Neighbors', 'NNS'), ('in', 'IN'), ('SQL', 'NNP')]",['SQL']
Free Data Science Curriculum,8 points by Veerle 52 days ago  | discuss,52,"['free', 'data', 'science', 'curriculum']",Free Data Science Curriculum,Free Data Science Curriculum,"[('Free', 'JJ'), ('Data', 'NNP'), ('Science', 'NNP'), ('Curriculum', 'NNP')]",['Free Data Science Curriculum']
Deep Learning is Easy - Learn Something Harder,5 points by ebellm 48 days ago  | discuss,48,"['deep', 'learning', 'easy', 'learn', 'something', 'harder']",Deep Learning is Easy - Learn Something Hard,Deep Learning is Easy - Learn Something Harder,"[('Deep', 'JJ'), ('Learning', 'NNP'), ('is', 'VBZ'), ('Easy', 'NNP'), ('-', ':'), ('Learn', 'NNP'), ('Something', 'NNP'), ('Harder', 'NNP')]","['Deep Learning', 'Easy', 'Learn']"
"FlyElephant as a tool for calculations in C++, R, Python, or Octave",6 points by m31 51 days ago  | discuss,51,"['flyelephant', 'tool', 'calculations', 'c', '++,', 'r', 'python', 'octave']","FlyElephant as a tool for calculations in C++, R, Python, or Octav","FlyElephant as a tool for calculations in C++, R, Python, or Octave","[('FlyElephant', 'NNP'), ('as', 'IN'), ('a', 'DT'), ('tool', 'NN'), ('for', 'IN'), ('calculations', 'NNS'), ('in', 'IN'), ('C', 'NNP'), ('++,', 'NNP'), ('R', 'NNP'), (',', ','), ('Python', 'NNP'), (',', ','), ('or', 'CC'), ('Octave', 'VB')]","['FlyElephant', 'Python']"
Yahoo Releases the Largest-ever Machine Learning Dataset for Researchers,13 points by srinify 62 days ago  | 1 comment,62,"['yahoo', 'releases', 'largest', 'ever', 'machine', 'learning', 'dataset', 'researchers']",Yahoo Releases the Largest-ever Machine Learning Dataset for Research,Yahoo Releases the Largest-ever Machine Learning Dataset for Researchers,"[('Yahoo', 'NN'), ('Releases', 'VBZ'), ('the', 'DT'), ('Largest', 'NNP'), ('-', ':'), ('ever', 'RB'), ('Machine', 'NNP'), ('Learning', 'NNP'), ('Dataset', 'NNP'), ('for', 'IN'), ('Researchers', 'NNP')]","['Yahoo', 'Largest', 'Machine Learning Dataset']"
